{
  "configs": [
    "fx_baseline",
    "fx_ngram",
    "fx_spec_d2",
    "fx_spec_d4",
    "fx_spec_d8",
    "fx_spec_d16"
  ],
  "tasks": [
    "code",
    "ja_chat",
    "translation_en_ja"
  ],
  "baseline_medians": {
    "code": 19.72325270923763,
    "ja_chat": 21.590737353016806,
    "translation_en_ja": 15.709110159492575
  },
  "by_config_task": {
    "fx_baseline": {
      "code": {
        "n": 12,
        "median_tok_per_sec": 19.72325270923763,
        "mean_tok_per_sec": 19.786221128248,
        "std_tok_per_sec": 0.24937748992438688,
        "speedup_vs_baseline": 1.0,
        "total_draft_n": 0,
        "total_draft_n_accepted": 0,
        "acceptance_rate": null
      },
      "ja_chat": {
        "n": 12,
        "median_tok_per_sec": 21.590737353016806,
        "mean_tok_per_sec": 21.482897375143697,
        "std_tok_per_sec": 0.28167904489468176,
        "speedup_vs_baseline": 1.0,
        "total_draft_n": 0,
        "total_draft_n_accepted": 0,
        "acceptance_rate": null
      },
      "translation_en_ja": {
        "n": 12,
        "median_tok_per_sec": 15.709110159492575,
        "mean_tok_per_sec": 14.983639459491288,
        "std_tok_per_sec": 3.294273478014865,
        "speedup_vs_baseline": 1.0,
        "total_draft_n": 0,
        "total_draft_n_accepted": 0,
        "acceptance_rate": null
      }
    },
    "fx_ngram": {
      "code": {
        "n": 12,
        "median_tok_per_sec": 18.131960576613313,
        "mean_tok_per_sec": 18.13614678023305,
        "std_tok_per_sec": 0.6349486185346472,
        "speedup_vs_baseline": 0.9193189806933307,
        "total_draft_n": 882,
        "total_draft_n_accepted": 168,
        "acceptance_rate": 0.19047619047619047
      },
      "ja_chat": {
        "n": 12,
        "median_tok_per_sec": 17.58916343175781,
        "mean_tok_per_sec": 18.3264082136147,
        "std_tok_per_sec": 2.730244728475112,
        "speedup_vs_baseline": 0.8146624704922425,
        "total_draft_n": 387,
        "total_draft_n_accepted": 243,
        "acceptance_rate": 0.627906976744186
      },
      "translation_en_ja": {
        "n": 12,
        "median_tok_per_sec": 18.997346933470254,
        "mean_tok_per_sec": 18.711411812996637,
        "std_tok_per_sec": 1.0894511736491173,
        "speedup_vs_baseline": 1.209320371465515,
        "total_draft_n": 1995,
        "total_draft_n_accepted": 450,
        "acceptance_rate": 0.22556390977443608
      }
    },
    "fx_spec_d2": {
      "code": {
        "n": 12,
        "median_tok_per_sec": 16.506771677899295,
        "mean_tok_per_sec": 16.56273228418835,
        "std_tok_per_sec": 0.8545137807217151,
        "speedup_vs_baseline": 0.8369193419180875,
        "total_draft_n": 2187,
        "total_draft_n_accepted": 1959,
        "acceptance_rate": 0.8957475994513031
      },
      "ja_chat": {
        "n": 12,
        "median_tok_per_sec": 13.810191424414135,
        "mean_tok_per_sec": 13.860817710624417,
        "std_tok_per_sec": 1.570905669900123,
        "speedup_vs_baseline": 0.6396350063739014,
        "total_draft_n": 2352,
        "total_draft_n_accepted": 1881,
        "acceptance_rate": 0.7997448979591837
      },
      "translation_en_ja": {
        "n": 12,
        "median_tok_per_sec": 15.4999384306535,
        "mean_tok_per_sec": 15.697345597137424,
        "std_tok_per_sec": 0.8544976932432001,
        "speedup_vs_baseline": 0.9866846863561729,
        "total_draft_n": 2229,
        "total_draft_n_accepted": 1938,
        "acceptance_rate": 0.8694481830417228
      }
    },
    "fx_spec_d4": {
      "code": {
        "n": 12,
        "median_tok_per_sec": 12.026722732457348,
        "mean_tok_per_sec": 12.337593462528227,
        "std_tok_per_sec": 1.359341670605528,
        "speedup_vs_baseline": 0.6097737989649386,
        "total_draft_n": 3003,
        "total_draft_n_accepted": 2307,
        "acceptance_rate": 0.7682317682317682
      },
      "ja_chat": {
        "n": 12,
        "median_tok_per_sec": 10.209355230529637,
        "mean_tok_per_sec": 10.191652944245376,
        "std_tok_per_sec": 3.619268314142249,
        "speedup_vs_baseline": 0.47285810871591727,
        "total_draft_n": 3798,
        "total_draft_n_accepted": 2103,
        "acceptance_rate": 0.5537124802527646
      },
      "translation_en_ja": {
        "n": 12,
        "median_tok_per_sec": 18.518698035684157,
        "mean_tok_per_sec": 17.88736593093212,
        "std_tok_per_sec": 2.7883032688051315,
        "speedup_vs_baseline": 1.1788508609123112,
        "total_draft_n": 3207,
        "total_draft_n_accepted": 2250,
        "acceptance_rate": 0.7015902712815716
      }
    },
    "fx_spec_d8": {
      "code": {
        "n": 12,
        "median_tok_per_sec": 11.592344461809184,
        "mean_tok_per_sec": 11.198518677832178,
        "std_tok_per_sec": 0.8586947114257318,
        "speedup_vs_baseline": 0.5877501359793339,
        "total_draft_n": 4542,
        "total_draft_n_accepted": 2484,
        "acceptance_rate": 0.5468956406869221
      },
      "ja_chat": {
        "n": 12,
        "median_tok_per_sec": 7.880353220601188,
        "mean_tok_per_sec": 8.284942905096315,
        "std_tok_per_sec": 1.5427179926608996,
        "speedup_vs_baseline": 0.36498768391993297,
        "total_draft_n": 6897,
        "total_draft_n_accepted": 2187,
        "acceptance_rate": 0.3170943888647238
      },
      "translation_en_ja": {
        "n": 12,
        "median_tok_per_sec": 11.142372952791094,
        "mean_tok_per_sec": 11.08880372597613,
        "std_tok_per_sec": 1.0175698837591858,
        "speedup_vs_baseline": 0.7092937053508451,
        "total_draft_n": 5040,
        "total_draft_n_accepted": 2427,
        "acceptance_rate": 0.48154761904761906
      }
    },
    "fx_spec_d16": {
      "code": {
        "n": 12,
        "median_tok_per_sec": 11.70172487141572,
        "mean_tok_per_sec": 11.783963395674045,
        "std_tok_per_sec": 1.916014406495673,
        "speedup_vs_baseline": 0.5932958951509592,
        "total_draft_n": 7737,
        "total_draft_n_accepted": 2562,
        "acceptance_rate": 0.33113609926328036
      },
      "ja_chat": {
        "n": 12,
        "median_tok_per_sec": 6.235876778015846,
        "mean_tok_per_sec": 6.656217466862719,
        "std_tok_per_sec": 1.4343009223297987,
        "speedup_vs_baseline": 0.2888218533742909,
        "total_draft_n": 13359,
        "total_draft_n_accepted": 2205,
        "acceptance_rate": 0.16505726476532676
      },
      "translation_en_ja": {
        "n": 12,
        "median_tok_per_sec": 9.300819905205973,
        "mean_tok_per_sec": 9.182155740064196,
        "std_tok_per_sec": 1.100520236706447,
        "speedup_vs_baseline": 0.5920653563935796,
        "total_draft_n": 8664,
        "total_draft_n_accepted": 2508,
        "acceptance_rate": 0.2894736842105263
      }
    }
  },
  "raw_points": {
    "fx_baseline": {
      "code": [
        19.67736954153804,
        19.597658539124698,
        19.745486845032175,
        20.036460095980903,
        20.096450401646404,
        19.701018573443086,
        19.932955193753386,
        20.215822861379156,
        19.485398243863262,
        19.88011514003561,
        19.665648636467658,
        19.400269466711602
      ],
      "ja_chat": [
        21.62113405043991,
        21.588935535607156,
        21.626588065282895,
        21.6945493885315,
        21.653930602874187,
        21.600788901312157,
        21.592539170426452,
        21.502424818367505,
        21.44722345166755,
        21.48499772267417,
        21.33425426197564,
        20.647402532565227
      ],